"ip","country","rating"
"202.11.82.70","JP","undetected"
"194.9.8.51","IT","undetected"
"150.204.83.90","GB","undetected"
"217.22.112.59","IL","undetected"
"41.204.84.90","CM","undetected"
"208.18.90.52","US","undetected"
"172.27.224.250","unfound","undetected"
"172.27.224.251","unfound","undetected"
"122.70.131.224","CN","undetected"
"135.98.31.33","US","undetected"
"109.139.73.244","BE","undetected"
"237.70.101.69","unfound","undetected"
"57.224.113.220","CH","undetected"
"83.235.92.5","GR","undetected"
"3.211.67.59","US","undetected"
"123.107.164.243","JP","undetected"
"214.4.25.11","US","undetected"
"11.230.114.111","US","undetected"
"88.90.132.228","NO","undetected"
"135.228.161.168","US","undetected"
"87.250.230.210","RU","undetected"
"236.10.218.33","unfound","undetected"
"42.74.132.110","TW","undetected"
"168.105.53.69","US","undetected"
"122.28.235.95","JP","undetected"
"25.122.120.120","GB","undetected"
"144.230.90.120","US","undetected"
"161.123.53.243","US","undetected"
"51.210.171.36","FR","undetected"
"108.72.4.73","US","undetected"
"139.44.156.20","US","undetected"
"31.44.99.151","LT","undetected"
"63.126.32.127","US","undetected"
"127.7.207.174","unfound","undetected"
"121.179.216.120","KR","undetected"
"42.135.164.218","CN","undetected"
"225.205.51.12","unfound","undetected"
"251.136.42.23","unfound","undetected"
"241.62.98.129","unfound","undetected"
"193.250.202.133","FR","undetected"
"95.126.230.199","ES","undetected"
"241.33.140.156","unfound","undetected"
"101.53.199.78","NZ","undetected"
"16.239.161.140","US","undetected"
"220.209.16.136","JP","undetected"
"211.193.217.98","KR","undetected"
"16.34.0.25","US","undetected"
"98.144.114.207","US","undetected"
"53.230.37.205","DE","undetected"
"202.205.224.57","CN","undetected"
"5.72.231.123","IR","undetected"
"98.111.58.12","US","undetected"
"21.132.226.225","US","undetected"
"21.118.17.69","US","undetected"
"53.41.217.98","DE","undetected"
"151.220.3.73","unfound","undetected"
"161.69.25.143","US","undetected"
"207.126.96.83","US","undetected"
"99.226.153.113","CA","undetected"
"140.103.5.40","US","undetected"
"96.239.250.109","US","undetected"
"164.27.230.135","DE","undetected"
"224.244.11.139","unfound","undetected"
"41.235.248.57","EG","undetected"
"243.46.123.133","unfound","undetected"
"9.129.143.43","GB","undetected"
"207.105.92.140","US","undetected"
"153.202.127.139","JP","harmless"
"53.41.32.101","DE","undetected"
"20.120.141.51","US","undetected"
"118.150.40.123","TW","undetected"
"39.224.168.207","ID","undetected"
"63.42.243.144","US","undetected"
"44.40.120.87","US","undetected"
"13.149.32.199","US","undetected"
"156.120.120.129","US","undetected"
"85.132.251.67","CY","undetected"
"70.51.251.235","CA","undetected"
"85.140.127.186","RU","undetected"
"17.211.217.142","US","undetected"
"241.99.62.32","unfound","undetected"
"230.188.35.95","unfound","undetected"
"83.131.207.20","HR","undetected"
"88.151.122.107","NL","undetected"
"83.109.244.108","NO","undetected"
"170.62.240.139","NL","undetected"
"239.155.78.120","unfound","undetected"
"3.10.113.107","GB","undetected"
"39.12.176.212","TW","undetected"
"57.209.83.230","IE","undetected"
"237.25.230.83","unfound","undetected"
"167.5.235.136","US","undetected"
"78.207.39.216","FR","undetected"
"39.33.140.51","PK","undetected"
"51.204.251.53","US","undetected"
"179.126.202.202","BR","undetected"
"39.13.232.200","TW","undetected"
"118.134.99.224","CN","undetected"
"129.132.181.111","CH","undetected"
"105.111.167.121","DZ","undetected"
"205.98.36.59","US","undetected"
"34.87.3.241","SG","undetected"
"5.193.244.134","AE","undetected"
"53.48.217.123","DE","undetected"
"214.4.228.240","US","undetected"
"36.214.224.41","CN","undetected"
"207.135.53.181","US","undetected"
"135.140.36.251","US","undetected"
"13.0.139.248","US","undetected"
"96.211.43.99","US","undetected"
"70.113.98.251","US","undetected"
"210.232.207.85","JP","undetected"
"50.232.133.96","US","undetected"
"188.40.135.131","DE","undetected"
"34.165.135.212","IL","undetected"
"99.136.16.55","US","undetected"
"164.186.155.218","US","undetected"
"48.115.248.224","US","undetected"
"167.50.251.181","CA","undetected"
"51.141.69.78","GB","undetected"
"144.78.9.184","US","undetected"
"105.95.48.73","EG","undetected"
"53.101.74.184","DE","undetected"
"12.210.13.230","US","undetected"
"168.118.74.164","US","undetected"
"127.165.88.7","unfound","undetected"
"69.207.181.99","US","undetected"
"189.113.170.136","BR","undetected"
"184.78.248.213","US","undetected"
"28.224.31.9","US","undetected"
"135.28.13.161","US","undetected"
"139.122.210.114","NL","undetected"
"73.135.92.87","US","undetected"
"23.207.174.17","JP","undetected"
"236.251.225.181","unfound","undetected"
"90.141.144.136","SE","undetected"
"118.140.16.123","HK","undetected"
"139.218.232.87","AU","undetected"
"167.35.235.74","CA","undetected"
"133.87.237.226","JP","undetected"
"174.224.155.121","US","undetected"
"72.248.155.224","US","undetected"
"204.250.167.224","US","undetected"
"132.39.108.168","US","undetected"
"42.34.251.72","KR","undetected"
"85.53.153.78","ES","undetected"
"176.85.20.250","ES","undetected"
"109.129.113.161","BE","undetected"
"7.132.230.103","US","undetected"
"150.32.165.122","JP","undetected"
"39.5.232.251","KR","undetected"
"69.36.179.155","US","undetected"
"131.132.211.86","CA","undetected"
"23.12.207.123","US","undetected"
"134.224.39.70","US","undetected"
"181.126.20.67","PY","undetected"
"140.141.63.7","US","undetected"
"129.129.208.214","CH","undetected"
"57.225.237.53","CH","undetected"
"110.99.140.12","CN","undetected"
"202.118.39.123","CN","undetected"
"74.127.243.167","CA","undetected"
"253.5.213.207","unfound","undetected"
"13.105.218.96","US","undetected"
"176.243.26.72","IT","undetected"
"57.211.206.105","IE","undetected"
"13.25.108.171","US","undetected"
"227.164.155.45","unfound","undetected"
"167.230.165.25","US","undetected"
"40.40.131.85","US","undetected"
"32.140.136.204","US","undetected"
"146.164.39.95","BR","undetected"
"111.5.165.226","CN","undetected"
"227.167.171.36","unfound","undetected"
"141.25.139.213","DE","undetected"
"126.118.11.98","JP","undetected"
"36.202.139.51","CN","undetected"
"59.109.132.127","CN","undetected"
"12.141.31.20","US","undetected"
"208.139.239.189","US","undetected"
"11.214.235.220","US","undetected"
"122.59.144.108","NZ","undetected"
"51.140.27.96","GB","undetected"
"67.83.210.195","US","undetected"
"211.10.168.174","JP","undetected"
"113.120.207.107","CN","undetected"
"40.184.34.251","JP","undetected"
"99.55.113.12","US","undetected"
"98.227.227.40","US","undetected"
"10.186.133.251","unfound","undetected"
"211.73.224.199","TW","undetected"
"123.20.4.12","VN","undetected"
"78.224.207.152","FR","undetected"
"31.140.219.53","TR","undetected"
"149.133.132.155","CH","undetected"
"127.126.85.218","unfound","undetected"
"243.171.151.132","unfound","undetected"
"92.219.181.85","DE","undetected"
"90.132.224.41","SE","undetected"
"181.240.230.25","CO","undetected"
"143.224.72.83","AT","undetected"
"179.23.127.141","VE","undetected"
"193.122.12.218","DE","undetected"
"250.83.86.139","unfound","undetected"
"129.202.12.136","US","undetected"
"31.59.85.45","TR","undetected"
"123.120.105.32","CN","undetected"
"42.136.164.12","CN","undetected"
"134.165.202.46","US","undetected"
"37.44.120.63","BY","undetected"
"170.171.23.231","US","undetected"
"140.20.127.32","US","undetected"
"224.195.240.211","unfound","undetected"
"115.137.144.67","KR","undetected"
"20.98.98.218","US","undetected"
"164.240.199.248","US","undetected"
"50.143.225.90","US","undetected"
"236.46.156.144","unfound","undetected"
"240.17.17.126","unfound","undetected"
"214.69.199.217","US","undetected"
"179.26.186.179","UY","undetected"
"37.18.164.132","FR","undetected"
"164.195.129.230","US","undetected"
"113.96.72.207","CN","undetected"
"146.132.230.57","US","undetected"
"141.123.251.50","US","undetected"
"12.213.20.202","US","undetected"
"5.21.59.134","OM","undetected"
"99.232.149.205","CA","undetected"
"132.189.3.16","US","undetected"
"123.204.123.9","TW","undetected"
"73.211.69.34","US","undetected"
"87.220.217.69","ES","undetected"
"40.208.9.34","US","undetected"
"216.168.188.26","US","undetected"
"226.217.5.243","unfound","undetected"
"243.140.232.39","unfound","undetected"
"224.26.123.202","unfound","undetected"
"217.114.12.126","RU","undetected"
"12.28.96.88","US","undetected"
"39.149.108.36","CN","undetected"
"12.149.16.204","US","undetected"
"50.42.131.12","US","undetected"
"136.237.10.123","US","undetected"
"23.53.123.224","US","undetected"
"144.20.44.224","SE","undetected"
"42.155.195.107","MY","undetected"
"39.213.105.218","ID","undetected"
"132.40.23.237","US","undetected"
"181.55.202.35","CO","undetected"
"237.186.42.83","unfound","undetected"
"73.83.67.161","US","undetected"
"85.239.110.122","DE","undetected"
"188.226.0.3","RU","undetected"
"3.241.57.27","US","undetected"
"231.78.126.28","unfound","undetected"
"32.208.90.73","US","undetected"
"141.217.127.250","US","undetected"
"240.23.51.67","unfound","undetected"
"5.113.83.176","IR","undetected"
